id,entity_id,cmp_id,component_type,field,order
1,4,1,accommodation.service,Accommodation_Service,1.0
2,4,2,accommodation.service,Accommodation_Service,2.0
3,4,3,accommodation.service,Accommodation_Service,3.0
4,4,4,accommodation.service,Accommodation_Service,4.0
9,6,9,accommodation.service,Accommodation_Service,1.0
10,6,10,accommodation.service,Accommodation_Service,2.0
11,6,11,accommodation.service,Accommodation_Service,3.0
12,6,12,accommodation.service,Accommodation_Service,4.0
17,8,17,accommodation.service,Accommodation_Service,1.0
18,8,18,accommodation.service,Accommodation_Service,2.0
19,8,19,accommodation.service,Accommodation_Service,3.0
23,10,23,accommodation.service,Accommodation_Service,1.0
41,14,33,accommodation.service,Accommodation_Service,1.0
45,19,36,accommodation.service,Accommodation_Service,1.0
46,19,37,accommodation.service,Accommodation_Service,2.0
47,19,38,accommodation.service,Accommodation_Service,3.0
48,19,39,accommodation.service,Accommodation_Service,4.0
49,19,40,accommodation.service,Accommodation_Service,5.0
50,19,41,accommodation.service,Accommodation_Service,6.0
51,19,42,accommodation.service,Accommodation_Service,7.0
59,21,50,accommodation.service,Accommodation_Service,1.0
60,21,51,accommodation.service,Accommodation_Service,2.0
61,21,52,accommodation.service,Accommodation_Service,3.0
62,21,53,accommodation.service,Accommodation_Service,4.0
63,21,54,accommodation.service,Accommodation_Service,5.0
69,23,60,accommodation.service,Accommodation_Service,1.0
70,23,61,accommodation.service,Accommodation_Service,2.0
71,24,62,accommodation.service,Accommodation_Service,1.0
72,24,63,accommodation.service,Accommodation_Service,2.0
84,26,67,accommodation.service,Accommodation_Service,1.0
85,26,68,accommodation.service,Accommodation_Service,2.0
86,26,69,accommodation.service,Accommodation_Service,3.0
87,26,70,accommodation.service,Accommodation_Service,4.0
88,26,71,accommodation.service,Accommodation_Service,5.0
91,28,73,accommodation.service,Accommodation_Service,1.0
92,28,74,accommodation.service,Accommodation_Service,2.0
93,28,75,accommodation.service,Accommodation_Service,3.0
94,29,76,accommodation.service,Accommodation_Service,1.0
95,29,77,accommodation.service,Accommodation_Service,2.0
96,29,78,accommodation.service,Accommodation_Service,3.0
97,33,79,accommodation.service,Accommodation_Service,1.0
98,33,80,accommodation.service,Accommodation_Service,2.0
99,33,81,accommodation.service,Accommodation_Service,3.0
100,33,82,accommodation.service,Accommodation_Service,4.0
101,34,83,accommodation.service,Accommodation_Service,1.0
102,34,84,accommodation.service,Accommodation_Service,2.0
103,34,85,accommodation.service,Accommodation_Service,3.0
104,34,86,accommodation.service,Accommodation_Service,4.0
109,35,91,accommodation.service,Accommodation_Service,1.0
110,35,92,accommodation.service,Accommodation_Service,2.0
111,36,93,accommodation.service,Accommodation_Service,1.0
112,36,94,accommodation.service,Accommodation_Service,2.0
113,44,95,accommodation.service,Accommodation_Service,1.0
115,43,97,accommodation.service,Accommodation_Service,1.0
116,43,98,accommodation.service,Accommodation_Service,2.0
125,45,107,accommodation.service,Accommodation_Service,1.0
126,45,108,accommodation.service,Accommodation_Service,2.0
127,45,109,accommodation.service,Accommodation_Service,3.0
131,42,113,accommodation.service,Accommodation_Service,1.0
132,42,114,accommodation.service,Accommodation_Service,2.0
142,52,119,accommodation.service,Accommodation_Service,1.0
143,52,120,accommodation.service,Accommodation_Service,2.0
144,52,121,accommodation.service,Accommodation_Service,3.0
145,39,122,accommodation.service,Accommodation_Service,1.0
146,39,123,accommodation.service,Accommodation_Service,2.0
147,39,124,accommodation.service,Accommodation_Service,3.0
148,53,125,accommodation.service,Accommodation_Service,1.0
149,53,126,accommodation.service,Accommodation_Service,2.0
150,53,127,accommodation.service,Accommodation_Service,3.0
153,54,128,accommodation.service,Accommodation_Service,1.0
154,54,129,accommodation.service,Accommodation_Service,2.0
155,55,130,accommodation.service,Accommodation_Service,1.0
156,56,131,accommodation.service,Accommodation_Service,1.0
157,57,132,accommodation.service,Accommodation_Service,1.0
158,58,133,accommodation.service,Accommodation_Service,1.0
159,40,134,accommodation.service,Accommodation_Service,1.0
160,40,135,accommodation.service,Accommodation_Service,2.0
161,59,136,accommodation.service,Accommodation_Service,1.0
162,59,137,accommodation.service,Accommodation_Service,2.0
163,37,138,accommodation.service,Accommodation_Service,1.0
164,37,139,accommodation.service,Accommodation_Service,2.0
165,37,140,accommodation.service,Accommodation_Service,3.0
166,60,141,accommodation.service,Accommodation_Service,1.0
167,60,142,accommodation.service,Accommodation_Service,2.0
168,60,143,accommodation.service,Accommodation_Service,3.0
169,41,144,accommodation.service,Accommodation_Service,1.0
171,62,146,accommodation.service,Accommodation_Service,1.0
172,62,147,accommodation.service,Accommodation_Service,2.0
173,63,148,accommodation.service,Accommodation_Service,1.0
174,63,149,accommodation.service,Accommodation_Service,2.0
181,71,151,accommodation.service,Accommodation_Service,1.0
182,71,152,accommodation.service,Accommodation_Service,2.0
183,71,153,accommodation.service,Accommodation_Service,3.0
184,71,154,accommodation.service,Accommodation_Service,4.0
186,74,155,accommodation.service,Accommodation_Service,1.0
191,75,156,accommodation.service,Accommodation_Service,1.0
192,75,157,accommodation.service,Accommodation_Service,2.0
193,75,158,accommodation.service,Accommodation_Service,3.0
194,75,159,accommodation.service,Accommodation_Service,4.0
198,76,160,accommodation.service,Accommodation_Service,1.0
199,76,161,accommodation.service,Accommodation_Service,2.0
200,76,162,accommodation.service,Accommodation_Service,3.0
202,77,163,accommodation.service,Accommodation_Service,1.0
210,79,164,accommodation.service,Accommodation_Service,1.0
211,79,165,accommodation.service,Accommodation_Service,2.0
212,79,166,accommodation.service,Accommodation_Service,3.0
213,79,167,accommodation.service,Accommodation_Service,4.0
214,79,168,accommodation.service,Accommodation_Service,5.0
215,79,169,accommodation.service,Accommodation_Service,6.0
216,79,170,accommodation.service,Accommodation_Service,7.0
217,94,171,accommodation.service,Accommodation_Service,1.0
218,94,172,accommodation.service,Accommodation_Service,2.0
219,94,173,accommodation.service,Accommodation_Service,3.0
223,95,177,accommodation.service,Accommodation_Service,1.0
224,95,178,accommodation.service,Accommodation_Service,2.0
225,95,179,accommodation.service,Accommodation_Service,3.0
235,85,186,accommodation.service,Accommodation_Service,1.0
236,139,187,accommodation.service,Accommodation_Service,1.0
237,104,188,accommodation.service,Accommodation_Service,1.0
238,140,189,accommodation.service,Accommodation_Service,1.0
239,88,190,accommodation.service,Accommodation_Service,1.0
240,88,191,accommodation.service,Accommodation_Service,2.0
241,88,192,accommodation.service,Accommodation_Service,3.0
242,88,193,accommodation.service,Accommodation_Service,4.0
243,88,194,accommodation.service,Accommodation_Service,5.0
244,141,195,accommodation.service,Accommodation_Service,1.0
245,141,196,accommodation.service,Accommodation_Service,2.0
246,141,197,accommodation.service,Accommodation_Service,3.0
247,141,198,accommodation.service,Accommodation_Service,4.0
248,141,199,accommodation.service,Accommodation_Service,5.0
249,113,200,accommodation.service,Accommodation_Service,1.0
250,113,201,accommodation.service,Accommodation_Service,2.0
251,113,202,accommodation.service,Accommodation_Service,3.0
252,113,203,accommodation.service,Accommodation_Service,4.0
253,142,204,accommodation.service,Accommodation_Service,1.0
254,142,205,accommodation.service,Accommodation_Service,2.0
255,142,206,accommodation.service,Accommodation_Service,3.0
256,142,207,accommodation.service,Accommodation_Service,4.0
257,65,208,accommodation.service,Accommodation_Service,1.0
259,90,210,accommodation.service,Accommodation_Service,1.0
260,90,211,accommodation.service,Accommodation_Service,2.0
261,90,212,accommodation.service,Accommodation_Service,3.0
262,90,213,accommodation.service,Accommodation_Service,4.0
263,146,214,accommodation.service,Accommodation_Service,1.0
264,146,215,accommodation.service,Accommodation_Service,2.0
265,146,216,accommodation.service,Accommodation_Service,3.0
266,146,217,accommodation.service,Accommodation_Service,4.0
267,124,218,accommodation.service,Accommodation_Service,1.0
268,124,219,accommodation.service,Accommodation_Service,2.0
269,124,220,accommodation.service,Accommodation_Service,3.0
270,124,221,accommodation.service,Accommodation_Service,4.0
271,124,222,accommodation.service,Accommodation_Service,5.0
272,124,223,accommodation.service,Accommodation_Service,6.0
273,124,224,accommodation.service,Accommodation_Service,7.0
274,147,225,accommodation.service,Accommodation_Service,1.0
275,147,226,accommodation.service,Accommodation_Service,2.0
276,147,227,accommodation.service,Accommodation_Service,3.0
277,147,228,accommodation.service,Accommodation_Service,4.0
278,147,229,accommodation.service,Accommodation_Service,5.0
279,147,230,accommodation.service,Accommodation_Service,6.0
280,147,231,accommodation.service,Accommodation_Service,7.0
281,111,232,accommodation.service,Accommodation_Service,1.0
282,111,233,accommodation.service,Accommodation_Service,2.0
283,111,234,accommodation.service,Accommodation_Service,3.0
284,111,235,accommodation.service,Accommodation_Service,4.0
285,111,236,accommodation.service,Accommodation_Service,5.0
286,111,237,accommodation.service,Accommodation_Service,6.0
287,149,238,accommodation.service,Accommodation_Service,1.0
288,149,239,accommodation.service,Accommodation_Service,2.0
289,149,240,accommodation.service,Accommodation_Service,3.0
290,149,241,accommodation.service,Accommodation_Service,4.0
291,149,242,accommodation.service,Accommodation_Service,5.0
292,149,243,accommodation.service,Accommodation_Service,6.0
295,150,244,accommodation.service,Accommodation_Service,1.0
296,150,245,accommodation.service,Accommodation_Service,2.0
298,151,246,accommodation.service,Accommodation_Service,1.0
300,152,247,accommodation.service,Accommodation_Service,1.0
302,154,248,accommodation.service,Accommodation_Service,1.0
306,156,249,accommodation.service,Accommodation_Service,1.0
307,156,250,accommodation.service,Accommodation_Service,2.0
308,156,251,accommodation.service,Accommodation_Service,3.0
312,157,252,accommodation.service,Accommodation_Service,1.0
313,157,253,accommodation.service,Accommodation_Service,2.0
314,157,254,accommodation.service,Accommodation_Service,3.0
315,92,255,accommodation.service,Accommodation_Service,1.0
317,158,256,accommodation.service,Accommodation_Service,1.0
318,108,257,accommodation.service,Accommodation_Service,1.0
319,108,258,accommodation.service,Accommodation_Service,2.0
320,159,259,accommodation.service,Accommodation_Service,1.0
321,159,260,accommodation.service,Accommodation_Service,2.0
322,83,261,accommodation.service,Accommodation_Service,1.0
323,83,262,accommodation.service,Accommodation_Service,2.0
324,83,263,accommodation.service,Accommodation_Service,3.0
325,83,264,accommodation.service,Accommodation_Service,4.0
326,160,265,accommodation.service,Accommodation_Service,1.0
327,160,266,accommodation.service,Accommodation_Service,2.0
328,160,267,accommodation.service,Accommodation_Service,3.0
329,160,268,accommodation.service,Accommodation_Service,4.0
330,89,269,accommodation.service,Accommodation_Service,1.0
332,161,270,accommodation.service,Accommodation_Service,1.0
333,103,271,accommodation.service,Accommodation_Service,1.0
334,103,272,accommodation.service,Accommodation_Service,2.0
335,162,273,accommodation.service,Accommodation_Service,1.0
336,162,274,accommodation.service,Accommodation_Service,2.0
337,67,275,accommodation.service,Accommodation_Service,1.0
338,163,276,accommodation.service,Accommodation_Service,1.0
339,131,277,accommodation.service,Accommodation_Service,1.0
340,131,278,accommodation.service,Accommodation_Service,2.0
341,164,279,accommodation.service,Accommodation_Service,1.0
342,164,280,accommodation.service,Accommodation_Service,2.0
343,153,281,accommodation.service,Accommodation_Service,1.0
344,153,282,accommodation.service,Accommodation_Service,2.0
345,165,283,accommodation.service,Accommodation_Service,1.0
346,165,284,accommodation.service,Accommodation_Service,2.0
347,105,285,accommodation.service,Accommodation_Service,1.0
348,105,286,accommodation.service,Accommodation_Service,2.0
349,105,287,accommodation.service,Accommodation_Service,3.0
350,166,288,accommodation.service,Accommodation_Service,1.0
351,166,289,accommodation.service,Accommodation_Service,2.0
352,166,290,accommodation.service,Accommodation_Service,3.0
353,101,291,accommodation.service,Accommodation_Service,1.0
354,101,292,accommodation.service,Accommodation_Service,2.0
355,101,293,accommodation.service,Accommodation_Service,3.0
356,101,294,accommodation.service,Accommodation_Service,4.0
361,110,299,accommodation.service,Accommodation_Service,1.0
362,110,300,accommodation.service,Accommodation_Service,2.0
363,110,301,accommodation.service,Accommodation_Service,3.0
364,168,302,accommodation.service,Accommodation_Service,1.0
365,168,303,accommodation.service,Accommodation_Service,2.0
366,168,304,accommodation.service,Accommodation_Service,3.0
367,133,305,accommodation.service,Accommodation_Service,1.0
368,133,306,accommodation.service,Accommodation_Service,2.0
369,133,307,accommodation.service,Accommodation_Service,3.0
370,169,308,accommodation.service,Accommodation_Service,1.0
371,169,309,accommodation.service,Accommodation_Service,2.0
372,169,310,accommodation.service,Accommodation_Service,3.0
373,123,311,accommodation.service,Accommodation_Service,1.0
374,123,312,accommodation.service,Accommodation_Service,2.0
375,170,313,accommodation.service,Accommodation_Service,1.0
376,170,314,accommodation.service,Accommodation_Service,2.0
377,116,315,accommodation.service,Accommodation_Service,1.0
378,116,316,accommodation.service,Accommodation_Service,2.0
379,171,317,accommodation.service,Accommodation_Service,1.0
380,171,318,accommodation.service,Accommodation_Service,2.0
381,86,319,accommodation.service,Accommodation_Service,1.0
382,172,320,accommodation.service,Accommodation_Service,1.0
383,69,321,accommodation.service,Accommodation_Service,1.0
384,69,322,accommodation.service,Accommodation_Service,2.0
385,69,323,accommodation.service,Accommodation_Service,3.0
386,173,324,accommodation.service,Accommodation_Service,1.0
387,173,325,accommodation.service,Accommodation_Service,2.0
388,173,326,accommodation.service,Accommodation_Service,3.0
389,98,327,accommodation.service,Accommodation_Service,1.0
390,98,328,accommodation.service,Accommodation_Service,2.0
391,174,329,accommodation.service,Accommodation_Service,1.0
392,174,330,accommodation.service,Accommodation_Service,2.0
393,114,331,accommodation.service,Accommodation_Service,1.0
394,175,332,accommodation.service,Accommodation_Service,1.0
395,129,333,accommodation.service,Accommodation_Service,1.0
396,176,334,accommodation.service,Accommodation_Service,1.0
397,68,335,accommodation.service,Accommodation_Service,1.0
398,68,336,accommodation.service,Accommodation_Service,2.0
399,177,337,accommodation.service,Accommodation_Service,1.0
400,177,338,accommodation.service,Accommodation_Service,2.0
401,66,339,accommodation.service,Accommodation_Service,1.0
402,66,340,accommodation.service,Accommodation_Service,2.0
403,66,341,accommodation.service,Accommodation_Service,3.0
404,178,342,accommodation.service,Accommodation_Service,1.0
405,178,343,accommodation.service,Accommodation_Service,2.0
406,178,344,accommodation.service,Accommodation_Service,3.0
407,99,345,accommodation.service,Accommodation_Service,1.0
408,99,346,accommodation.service,Accommodation_Service,2.0
409,179,347,accommodation.service,Accommodation_Service,1.0
410,179,348,accommodation.service,Accommodation_Service,2.0
411,115,349,accommodation.service,Accommodation_Service,1.0
412,180,350,accommodation.service,Accommodation_Service,1.0
413,130,351,accommodation.service,Accommodation_Service,1.0
414,130,352,accommodation.service,Accommodation_Service,2.0
415,181,353,accommodation.service,Accommodation_Service,1.0
416,181,354,accommodation.service,Accommodation_Service,2.0
417,132,355,accommodation.service,Accommodation_Service,1.0
418,132,356,accommodation.service,Accommodation_Service,2.0
419,182,357,accommodation.service,Accommodation_Service,1.0
420,182,358,accommodation.service,Accommodation_Service,2.0
421,112,359,accommodation.service,Accommodation_Service,1.0
422,112,360,accommodation.service,Accommodation_Service,2.0
423,112,361,accommodation.service,Accommodation_Service,3.0
424,183,362,accommodation.service,Accommodation_Service,1.0
425,183,363,accommodation.service,Accommodation_Service,2.0
426,183,364,accommodation.service,Accommodation_Service,3.0
427,119,365,accommodation.service,Accommodation_Service,1.0
428,119,366,accommodation.service,Accommodation_Service,2.0
429,119,367,accommodation.service,Accommodation_Service,3.0
430,184,368,accommodation.service,Accommodation_Service,1.0
431,184,369,accommodation.service,Accommodation_Service,2.0
432,184,370,accommodation.service,Accommodation_Service,3.0
433,117,371,accommodation.service,Accommodation_Service,1.0
434,185,372,accommodation.service,Accommodation_Service,1.0
435,121,373,accommodation.service,Accommodation_Service,1.0
436,121,374,accommodation.service,Accommodation_Service,2.0
437,186,375,accommodation.service,Accommodation_Service,1.0
438,186,376,accommodation.service,Accommodation_Service,2.0
439,118,377,accommodation.service,Accommodation_Service,1.0
440,118,378,accommodation.service,Accommodation_Service,2.0
441,118,379,accommodation.service,Accommodation_Service,3.0
445,107,383,accommodation.service,Accommodation_Service,1.0
446,107,384,accommodation.service,Accommodation_Service,2.0
447,189,385,accommodation.service,Accommodation_Service,1.0
448,189,386,accommodation.service,Accommodation_Service,2.0
449,96,387,accommodation.service,Accommodation_Service,1.0
450,96,388,accommodation.service,Accommodation_Service,2.0
451,96,389,accommodation.service,Accommodation_Service,3.0
452,190,390,accommodation.service,Accommodation_Service,1.0
453,190,391,accommodation.service,Accommodation_Service,2.0
454,190,392,accommodation.service,Accommodation_Service,3.0
455,127,393,accommodation.service,Accommodation_Service,1.0
456,127,394,accommodation.service,Accommodation_Service,2.0
457,127,395,accommodation.service,Accommodation_Service,3.0
458,127,396,accommodation.service,Accommodation_Service,4.0
459,127,397,accommodation.service,Accommodation_Service,5.0
465,93,403,accommodation.service,Accommodation_Service,1.0
466,93,404,accommodation.service,Accommodation_Service,2.0
467,193,405,accommodation.service,Accommodation_Service,1.0
468,193,406,accommodation.service,Accommodation_Service,2.0
469,100,407,accommodation.service,Accommodation_Service,1.0
470,100,408,accommodation.service,Accommodation_Service,2.0
473,102,411,accommodation.service,Accommodation_Service,1.0
474,102,412,accommodation.service,Accommodation_Service,2.0
475,102,413,accommodation.service,Accommodation_Service,3.0
476,195,414,accommodation.service,Accommodation_Service,1.0
477,195,415,accommodation.service,Accommodation_Service,2.0
478,195,416,accommodation.service,Accommodation_Service,3.0
479,91,417,accommodation.service,Accommodation_Service,1.0
480,91,418,accommodation.service,Accommodation_Service,2.0
481,91,419,accommodation.service,Accommodation_Service,3.0
482,196,420,accommodation.service,Accommodation_Service,1.0
483,196,421,accommodation.service,Accommodation_Service,2.0
484,196,422,accommodation.service,Accommodation_Service,3.0
485,87,423,accommodation.service,Accommodation_Service,1.0
486,87,424,accommodation.service,Accommodation_Service,2.0
487,87,425,accommodation.service,Accommodation_Service,3.0
491,84,429,accommodation.service,Accommodation_Service,1.0
492,84,430,accommodation.service,Accommodation_Service,2.0
493,198,431,accommodation.service,Accommodation_Service,1.0
494,198,432,accommodation.service,Accommodation_Service,2.0
498,199,433,accommodation.service,Accommodation_Service,1.0
499,199,434,accommodation.service,Accommodation_Service,2.0
500,199,435,accommodation.service,Accommodation_Service,3.0
505,200,436,accommodation.service,Accommodation_Service,1.0
506,200,437,accommodation.service,Accommodation_Service,2.0
507,200,438,accommodation.service,Accommodation_Service,3.0
508,200,439,accommodation.service,Accommodation_Service,4.0
509,81,440,accommodation.service,Accommodation_Service,1.0
510,81,441,accommodation.service,Accommodation_Service,2.0
511,201,442,accommodation.service,Accommodation_Service,1.0
512,201,443,accommodation.service,Accommodation_Service,2.0
513,82,444,accommodation.service,Accommodation_Service,1.0
514,202,445,accommodation.service,Accommodation_Service,1.0
515,80,446,accommodation.service,Accommodation_Service,1.0
516,80,447,accommodation.service,Accommodation_Service,2.0
517,203,448,accommodation.service,Accommodation_Service,1.0
518,203,449,accommodation.service,Accommodation_Service,2.0
521,204,450,accommodation.service,Accommodation_Service,1.0
522,204,451,accommodation.service,Accommodation_Service,2.0
